ID,Funct,Pronoun,PPron,I,We,You,SheHe,They,iPron,Article,Verb,AuxVerb,enPast,enPresent,enFuture,Adverb,Preps,Conj,Negate,Quant,Number,Swear,YouPL,PrepEnd,SpecArt,QuanUnit,Interjunction,MultiFun,TenseM,PastM,PresentM,FutureM,ProgM,Social,Family,Friend,Humans,Affect,PosEmo,NegEmo,Anx,Anger,Sad,CogMech,Insight,Cause,Discrep,Tentat,Certain,Inhibition,Inclusive,Exclusive,Percept,See,Hear,Feel,Bio,Body,Health,Sexual,Ingest,Relative,Motion,Space,Time,Work,Achieve,Leisure,Home,Money,Religion,Death,Assent,Nonfl,Filler,Psychology,Love,tPast,tNow,tFuture,Period,Comma,Colon,SemiC,QMark,Exclam,Dash,Quote,Apostrophe,Parenth,OtherP,WordCount,WordPerSentence,RateDicCover,RateNumeral,RateSixLtrWord,RateFourCharWord,RateLatinWord,NumAtMention,NumEmotion,NumHashTag,NumURLs
2011宝宝猫,0.0,0.0,0.0,0.0,0.0,0.0,0.0,0.0,0.0,0.0,0.0,0.0,0.0,0.0,0.0,0.0,0.0,0.0,0.0,0.0,0.0,0.0,0.0,0.0,0.0,0.0,0.0,0.0,0.0,0.0,0.0,0.0,0.0,0.0,0.0,0.0,0.0,0.0,0.0,0.0,0.0,0.0,0.0,0.0,0.0,0.0,0.0,0.0,0.0,0.0,0.0,0.0,0.0,0.0,0.0,0.0,0.0,0.0,0.0,0.0,0.0,0.0,0.0,0.0,0.0,0.0,0.0,0.0,0.0,0.0,0.0,0.0,0.0,0.0,0.0,0.0,0.0,0.0,0.0,0.0,0.0,0.0,0.0,0.0,0.0,0.0,0.0,0.0,0.0,0.0,0.0,0,0,0,0,0,0,0,0,0,0,0
alosver,0.2742,0.0593358,0.0463751,0.044755,0.0,0.00121507,0.000405022,0.0,0.0129607,0.0,0.0945727,0.0259214,0.0,0.0,0.0,0.0180235,0.0380721,0.0151883,0.0,0.00263264,0.00263264,0.0,0.0,0.0137708,0.0,0.0218712,0.0801944,0.0305792,0.0421223,0.000405022,0.00668287,0.000810045,0.0342244,0.00486027,0.000202511,0.0,0.000810045,0.0101256,0.00708789,0.00243013,0.000202511,0.00101256,0.000202511,0.145808,0.00222762,0.027339,0.0151883,0.000405022,0.00222762,0.000405022,0.0352369,0.00222762,0.00303767,0.00141758,0.000810045,0.000202511,0.0131632,0.000607533,0.0115431,0.000202511,0.000810045,0.102268,0.0415148,0.0619684,0.0336168,0.0534629,0.036047,0.0710814,0.0,0.000607533,0.00506278,0.000202511,0.0358445,0.0,0.000607533,0.00222762,0.0,0.000202511,0.0,0.000405022,0.0018226,0.0230863,0.00121507,0.00101256,0.14439,0.0467801,0.0,0.0,0.0,0.000810045,0.0378696,4938,5.14911,0.717902,0.0192386,0.0018226,0.0305792,0.0544755,0,0,60,0
Bofir_,0.316113,0.0515257,0.0339936,0.0227516,0.001606,0.00481799,0.00388116,0.000669165,0.0179336,0.0,0.0974304,0.0192719,0.0,0.0,0.0,0.0714668,0.0335921,0.0255621,0.000936831,0.0127141,0.0137848,0.000802998,0.000133833,0.0117773,0.00762848,0.0252944,0.0687901,0.0519272,0.044834,0.00508565,0.012045,0.00535332,0.0223501,0.0483137,0.00388116,0.001606,0.0143201,0.0459047,0.0266328,0.0100375,0.00147216,0.00200749,0.00214133,0.119647,0.00976981,0.00655782,0.0148555,0.012848,0.00950214,0.00401499,0.0260974,0.0182013,0.0232869,0.00682548,0.00562099,0.00575482,0.0354657,0.0117773,0.00602248,0.001606,0.0182013,0.11242,0.0255621,0.0497859,0.0429604,0.0172645,0.00829764,0.018469,0.00495182,0.00843148,0.00133833,0.00133833,0.0460385,0.00535332,0.00762848,0.0121788,0.000936831,0.00281049,0.00495182,0.000802998,0.00883298,0.0457709,0.00695931,0.000401499,0.160867,0.0140525,0.00187366,0.00642398,0.00347966,0.00709315,0.0207441,14944,5.42826,0.831638,0.012045,0.00200749,0.0132495,0.0149893,0,0,60,0
daqianneo,0.142488,0.0258131,0.0258131,0.0227155,0.00258131,0.000516262,0.0,0.0,0.0,0.0,0.0449148,0.00361384,0.0,0.0,0.0,0.0108415,0.011874,0.00516262,0.0,0.021683,0.00309757,0.0,0.0,0.0154879,0.00258131,0.00671141,0.0392359,0.0144553,0.0320083,0.00103252,0.0041301,0.0123903,0.0144553,0.0144553,0.00103252,0.000516262,0.000516262,0.0423335,0.0242643,0.00877646,0.0,0.000516262,0.0,0.0567888,0.00361384,0.0,0.0041301,0.0108415,0.00154879,0.000516262,0.0211668,0.00258131,0.0082602,0.00258131,0.00258131,0.00154879,0.00361384,0.000516262,0.0,0.00103252,0.00206505,0.0996386,0.0289107,0.0588539,0.0237481,0.0289107,0.00309757,0.0862158,0.0,0.000516262,0.00309757,0.0,0.0170367,0.000516262,0.00206505,0.00258131,0.00103252,0.00206505,0.00206505,0.000516262,0.00877646,0.0149716,0.0227155,0.00103252,0.121322,0.0082602,0.0351058,0.00309757,0.00258131,0.0516262,0.011874,1937,7.1476,0.658234,0.0552401,0.0407847,0.161074,0.239029,0,0,9,0
Divertimento,0.23166,0.0482625,0.0289575,0.0173745,0.0019305,0.00772201,0.0019305,0.0,0.019305,0.0,0.0540541,0.003861,0.0,0.0,0.0,0.030888,0.0212355,0.00965251,0.0,0.0135135,0.00772201,0.0,0.0,0.015444,0.00772201,0.019305,0.0694981,0.0521236,0.011583,0.0,0.003861,0.0,0.00772201,0.0405405,0.0019305,0.0,0.023166,0.023166,0.011583,0.00965251,0.0,0.003861,0.003861,0.0694981,0.003861,0.003861,0.00579151,0.00965251,0.003861,0.003861,0.015444,0.00965251,0.011583,0.00579151,0.0,0.0,0.00965251,0.00579151,0.0019305,0.0019305,0.0,0.0637066,0.011583,0.0366795,0.0212355,0.0173745,0.003861,0.019305,0.003861,0.0,0.0019305,0.003861,0.0212355,0.0289575,0.0019305,0.0135135,0.0,0.0,0.0019305,0.0,0.015444,0.0501931,0.011583,0.0,0.34556,0.0173745,0.0,0.0,0.0,0.011583,0.0,518,2.62944,0.822394,0.00772201,0.0019305,0.015444,0.011583,0,0,0,0
leila要减肥,0.289776,0.0420995,0.0286495,0.0165118,0.00196829,0.00623291,0.00229634,0.000656096,0.013778,0.0,0.0804811,0.0146528,0.0,0.0,0.0,0.0577365,0.0267906,0.0207764,0.000437397,0.0109349,0.0086386,0.000765446,0.000984144,0.0123565,0.00634226,0.0191361,0.0949153,0.0763259,0.0335703,0.00284308,0.00513942,0.00612356,0.0194642,0.0448332,0.00382723,0.00142154,0.00984144,0.0387097,0.0242756,0.0086386,0.00153089,0.00229634,0.00349918,0.118753,0.0125752,0.00874795,0.015637,0.0157463,0.0103882,0.00207764,0.022526,0.0169492,0.0229634,0.00721706,0.00645161,0.00393658,0.0240569,0.0086386,0.00371788,0.00371788,0.00896665,0.0770913,0.0200109,0.038491,0.0261345,0.0246036,0.0092947,0.0251504,0.00185894,0.00218699,0.00317113,0.00142154,0.0463641,0.0084199,0.00470202,0.0120284,0.00120284,0.000984144,0.00153089,0.000656096,0.00612356,0.0451613,0.00754511,0.00207764,0.0737015,0.0323674,0.00109349,0.00415528,0.0,0.00973209,0.0761072,9145,8.74283,0.757135,0.0199016,0.0201203,0.0521597,0.0477857,0,0,35,3
libra_gxt,0.208558,0.03656,0.02742,0.0170337,0.00415455,0.00373909,0.00166182,0.0,0.00914001,0.0,0.0668882,0.00581637,0.0,0.0,0.0,0.0336518,0.0311591,0.0120482,0.0,0.00789364,0.00747819,0.000415455,0.00083091,0.0120482,0.00290818,0.0170337,0.0589946,0.0311591,0.0278355,0.00207727,0.00623182,0.00581637,0.01371,0.0315746,0.00290818,0.0,0.0116327,0.03199,0.0240964,0.00415455,0.00083091,0.00083091,0.00083091,0.0947237,0.00664728,0.0083091,0.00706273,0.00373909,0.0083091,0.00207727,0.0324055,0.0108018,0.0216037,0.00373909,0.00415455,0.00664728,0.0195264,0.00955546,0.00249273,0.00207727,0.00581637,0.0689655,0.0303282,0.0307437,0.0224346,0.0627337,0.01371,0.115496,0.00124636,0.0191109,0.00124636,0.0,0.0270046,0.00789364,0.00249273,0.00997092,0.0,0.00083091,0.00124636,0.000415455,0.00540091,0.0286664,0.00207727,0.00083091,0.0797673,0.0378064,0.00249273,0.00498546,0.0,0.00498546,0.0756128,2407,8.05017,0.746157,0.0120482,0.00498546,0.0328209,0.0635646,0,0,78,0
Sakura_媛,0.323057,0.0384044,0.0240207,0.0149111,0.00186988,0.0048425,0.0015822,0.000191782,0.0150549,0.0,0.0958431,0.0190344,0.0,0.0,0.0,0.0747471,0.0333701,0.0295344,0.000910965,0.015007,0.0132809,0.000527401,0.000479455,0.013233,0.00728772,0.0267536,0.0832334,0.0578703,0.0438702,0.00455483,0.0074795,0.00723978,0.0245961,0.0421441,0.00436304,0.00100686,0.0111234,0.0466989,0.0263221,0.00987678,0.00129453,0.00234933,0.00191782,0.142638,0.016685,0.00882198,0.020281,0.0178357,0.0109795,0.0032603,0.0275207,0.0211919,0.0224385,0.00723978,0.00560963,0.00489044,0.0251714,0.00767129,0.0048425,0.00287673,0.0111713,0.101597,0.0245002,0.0461715,0.0390756,0.0277125,0.009685,0.0236371,0.0053699,0.00282879,0.00330824,0.0015822,0.0512058,0.00733567,0.00757539,0.0135206,0.00124658,0.00191782,0.0027329,0.00129453,0.00886992,0.0432948,0.00397948,0.000671237,0.103323,0.0219111,0.000623292,0.00143837,0.000623292,0.00565757,0.0408975,20857,7.41714,0.789136,0.00992473,0.00661648,0.036055,0.0301098,0,0,148,0
times,0.368207,0.0685627,0.0502793,0.0213306,0.00253936,0.0177755,0.00609446,0.00101574,0.0182834,0.0,0.115795,0.0233621,0.0,0.0,0.0,0.0726257,0.0416455,0.0380904,0.000507872,0.0162519,0.00507872,0.00101574,0.00152362,0.0132047,0.00863382,0.019807,0.0909091,0.0736414,0.0441849,0.00406298,0.0106653,0.00558659,0.02387,0.0853225,0.00863382,0.00203149,0.0182834,0.0629761,0.0411376,0.0137125,0.0035551,0.00304723,0.00253936,0.165058,0.0167598,0.00863382,0.0253936,0.0233621,0.0116811,0.0035551,0.0340274,0.0248857,0.0259015,0.00711021,0.00812595,0.00457085,0.0253936,0.015744,0.0035551,0.00253936,0.00507872,0.0980193,0.0248857,0.0472321,0.0360589,0.0167598,0.00863382,0.0111732,0.00203149,0.00304723,0.00203149,0.00203149,0.0538344,0.00964957,0.00660234,0.0213306,0.00304723,0.00253936,0.00304723,0.000507872,0.0162519,0.0665312,0.00457085,0.0,0.111224,0.00812595,0.0,0.0187913,0.0,0.00203149,0.0035551,1969,7.34701,0.838497,0.0035551,0.00304723,0.00964957,0.00711021,0,0,2,0
yshiyuu,0.368207,0.0685627,0.0502793,0.0213306,0.00253936,0.0177755,0.00609446,0.00101574,0.0182834,0.0,0.115795,0.0233621,0.0,0.0,0.0,0.0726257,0.0416455,0.0380904,0.000507872,0.0162519,0.00507872,0.00101574,0.00152362,0.0132047,0.00863382,0.019807,0.0909091,0.0736414,0.0441849,0.00406298,0.0106653,0.00558659,0.02387,0.0853225,0.00863382,0.00203149,0.0182834,0.0629761,0.0411376,0.0137125,0.0035551,0.00304723,0.00253936,0.165058,0.0167598,0.00863382,0.0253936,0.0233621,0.0116811,0.0035551,0.0340274,0.0248857,0.0259015,0.00711021,0.00812595,0.00457085,0.0253936,0.015744,0.0035551,0.00253936,0.00507872,0.0980193,0.0248857,0.0472321,0.0360589,0.0167598,0.00863382,0.0111732,0.00203149,0.00304723,0.00203149,0.00203149,0.0538344,0.00964957,0.00660234,0.0213306,0.00304723,0.00253936,0.00304723,0.000507872,0.0162519,0.0665312,0.00457085,0.0,0.111224,0.00812595,0.0,0.0187913,0.0,0.00203149,0.0035551,1969,7.34701,0.838497,0.0035551,0.00304723,0.00964957,0.00711021,0,0,2,0
yudiandida,0.283447,0.0325019,0.021164,0.00907029,0.00377929,0.00604686,0.0,0.00226757,0.0120937,0.0,0.0770975,0.0113379,0.0,0.0,0.0,0.047619,0.037037,0.0385488,0.00226757,0.0196523,0.0151172,0.00377929,0.0,0.0151172,0.00680272,0.026455,0.0619803,0.0559335,0.0340136,0.00453515,0.010582,0.00302343,0.015873,0.0468632,0.00529101,0.000755858,0.015873,0.0415722,0.0279667,0.0113379,0.00151172,0.00377929,0.00302343,0.11867,0.0143613,0.00755858,0.0151172,0.0151172,0.00907029,0.00529101,0.0325019,0.0166289,0.0249433,0.00907029,0.00453515,0.00453515,0.021164,0.00755858,0.00151172,0.00529101,0.00755858,0.120181,0.037037,0.0498866,0.0355253,0.0582011,0.0166289,0.0287226,0.00680272,0.0113379,0.00377929,0.0,0.0325019,0.00151172,0.00831444,0.0249433,0.0,0.00151172,0.00226757,0.00151172,0.0188964,0.0733182,0.00907029,0.00302343,0.0944822,0.021164,0.00453515,0.00302343,0.0,0.00151172,0.0188964,2646,7.24932,0.81028,0.0151172,0.00680272,0.0188964,0.0188964,0,0,8,0
爱吃水果的学长,0.275191,0.0293367,0.0216837,0.0108418,0.00159439,0.00892857,0.000318878,0.0,0.00765306,0.0,0.0896046,0.015625,0.0,0.0,0.0,0.0558036,0.0306122,0.0309311,0.00159439,0.0114796,0.0143495,0.000956633,0.0,0.0137117,0.00829082,0.026148,0.0723852,0.0621811,0.0328444,0.00446429,0.0057398,0.00605867,0.0165816,0.0430485,0.00255102,0.00159439,0.00510204,0.0385842,0.0258291,0.00829082,0.00191327,0.00159439,0.000637755,0.11926,0.0111607,0.00829082,0.0140306,0.0140306,0.00956633,0.00223214,0.0264668,0.0178571,0.0264668,0.0108418,0.00797194,0.00510204,0.0280612,0.00542092,0.00350765,0.00733418,0.0124362,0.0975765,0.0251913,0.0491071,0.0299745,0.0449617,0.0117985,0.0398597,0.0028699,0.00223214,0.00223214,0.000637755,0.0328444,0.00510204,0.00797194,0.0133929,0.0,0.00159439,0.00159439,0.00127551,0.0102041,0.0500638,0.00446429,0.0,0.0966199,0.00669643,0.000956633,0.00829082,0.000318878,0.0143495,0.0267857,3136,8.78431,0.752551,0.0245536,0.0117985,0.0385842,0.0618622,0,0,32,0
八戒的小胖子_,0.348765,0.0652796,0.0525358,0.0325098,0.00286086,0.0169051,0.0,0.000260078,0.0137841,0.0,0.106892,0.0192458,0.0,0.0,0.0,0.0637191,0.0356307,0.0270481,0.00260078,0.0171651,0.0119636,0.000520156,0.0,0.0153446,0.00702211,0.0254876,0.0954486,0.0655397,0.0408322,0.00416125,0.00884265,0.0046814,0.0231469,0.0543563,0.00156047,0.00208062,0.00936281,0.0546164,0.0343303,0.0122237,0.00130039,0.00208062,0.00494148,0.149025,0.0171651,0.00884265,0.0218466,0.0213264,0.0122237,0.0023407,0.0343303,0.0189857,0.0192458,0.00390117,0.00572172,0.00312094,0.0150845,0.0046814,0.00208062,0.00208062,0.00806242,0.110533,0.0283485,0.046814,0.043173,0.0309493,0.0210663,0.0280884,0.00208062,0.00962289,0.0046814,0.00104031,0.0447334,0.00728218,0.00546164,0.0148244,0.00182055,0.00208062,0.00364109,0.00156047,0.00650195,0.0156047,0.010143,0.000780234,0.119116,0.0127438,0.00104031,0.00624187,0.00442133,0.00754226,0.0314694,3845,7.17351,0.804681,0.0257477,0.00416125,0.0296489,0.0371912,0,0,36,0
Hao,0.300225,0.0378865,0.0251894,0.0122875,0.00430063,0.0051198,0.00122875,0.00225271,0.0129019,0.0,0.08376,0.0174073,0.0,0.0,0.0,0.0659431,0.0303092,0.0335859,0.00204792,0.0145402,0.0149498,0.00143354,0.0,0.0120827,0.00880606,0.0260086,0.0655335,0.0593897,0.0428016,0.0053246,0.0112636,0.00655335,0.01966,0.0481262,0.00430063,0.000614376,0.0133115,0.0649191,0.0477166,0.0112636,0.000819169,0.00225271,0.00491501,0.133115,0.00962523,0.00634856,0.0165882,0.0137211,0.0133115,0.00245751,0.0290805,0.0245751,0.0204792,0.00655335,0.00880606,0.00286709,0.0182265,0.0053246,0.0051198,0.000819169,0.00839648,0.120827,0.0245751,0.0526316,0.0505837,0.0270326,0.010854,0.0276469,0.000819169,0.00245751,0.00430063,0.000819169,0.0606185,0.00573418,0.00921565,0.014745,0.00122875,0.00204792,0.00696293,0.00368626,0.00901085,0.0649191,0.00307188,0.0,0.149089,0.0225271,0.000409584,0.00204792,0.00143354,0.00163834,0.00614376,4883,5.53001,0.819373,0.0198648,0.0077821,0.0245751,0.0303092,0,0,13,0
乘坐火箭的男巫,0.315332,0.0273821,0.0132857,0.0083718,0.000992704,0.00185305,0.00148906,0.000281266,0.0144935,0.0,0.0798796,0.0145266,0.0,0.0,0.0,0.0714416,0.03084,0.031022,0.000909978,0.0202015,0.0139309,0.000843798,0.000496352,0.0136166,0.00810708,0.0251154,0.085174,0.0742708,0.0394103,0.003855,0.00842144,0.00779272,0.0193081,0.0294998,0.0023494,0.000711438,0.00901706,0.0412634,0.0225509,0.0115154,0.00178687,0.0026803,0.00238249,0.134048,0.0150064,0.00895088,0.0146755,0.0204662,0.0126901,0.00253139,0.027531,0.0177198,0.022948,0.00557569,0.00665111,0.00593968,0.0193246,0.00802435,0.00287884,0.00264721,0.00663457,0.0932645,0.0195894,0.0460284,0.0342152,0.0235767,0.0122268,0.0284079,0.00317665,0.00496352,0.00221704,0.00185305,0.0419914,0.0095465,0.00526133,0.0181334,0.000612167,0.00193577,0.0030112,0.00120779,0.023312,0.0693403,0.000976159,0.000231631,0.130011,0.00981122,0.000430172,0.000893433,0.000215086,0.00210122,0.003855,60441,6.12061,0.783607,0.00640294,0.0199203,0.0514717,0.0542016,0,0,52,8
锤子杨,0.276208,0.0307692,0.0203936,0.0139535,0.00143113,0.00286225,0.00214669,0.0,0.0107335,0.0,0.0912343,0.0146691,0.0,0.0,0.0,0.0633274,0.0286225,0.022898,0.0,0.0078712,0.0107335,0.00107335,0.0,0.0103757,0.00894454,0.0207513,0.0726297,0.0604651,0.0432916,0.00429338,0.00715564,0.00894454,0.022898,0.0411449,0.00143113,0.000715564,0.00858676,0.0465116,0.0289803,0.0110912,0.00250447,0.00429338,0.00250447,0.125581,0.0150268,0.0107335,0.0150268,0.0157424,0.0121646,0.00286225,0.019678,0.0168157,0.0264758,0.00715564,0.0125224,0.00357782,0.0110912,0.00536673,0.00322004,0.00143113,0.00178891,0.0915921,0.0218247,0.0457961,0.0354204,0.0400716,0.011449,0.0436494,0.00143113,0.00751342,0.00429338,0.000715564,0.0418605,0.00536673,0.0039356,0.0107335,0.000715564,0.00322004,0.00250447,0.00178891,0.0168157,0.0447227,0.00536673,0.0,0.135599,0.00966011,0.000357782,0.00357782,0.000357782,0.0236136,0.0100179,2795,6.15639,0.782826,0.0143113,0.0139535,0.0486583,0.0751342,0,0,13,0
大头萝莉小乔,0.263801,0.0229715,0.0174139,0.00778066,0.00111152,0.00518711,0.00259355,0.0,0.00592812,0.0,0.0559466,0.0125973,0.0,0.0,0.0,0.0396443,0.0770656,0.0700259,0.00148203,0.0129678,0.0048166,0.00111152,0.000370508,0.0200074,0.0163023,0.0107447,0.0600222,0.049648,0.0211189,0.00148203,0.00592812,0.00259355,0.0111152,0.0285291,0.00259355,0.00222305,0.00666914,0.0218599,0.0159318,0.00296406,0.000370508,0.000741015,0.000370508,0.13153,0.00741015,0.00407558,0.0129678,0.0107447,0.00666914,0.00222305,0.0689144,0.0103742,0.0192664,0.0103742,0.00259355,0.00370508,0.0214894,0.0096332,0.00333457,0.00111152,0.00815117,0.0689144,0.0288996,0.0359392,0.0174139,0.0163023,0.00518711,0.0137088,0.00222305,0.00259355,0.000370508,0.0,0.0270471,0.00778066,0.00592812,0.00889218,0.000370508,0.00185254,0.00111152,0.000370508,0.00333457,0.0266765,0.00259355,0.000370508,0.072249,0.0192664,0.000741015,0.00296406,0.0,0.00592812,0.0548351,2699,10.4612,0.594665,0.0148203,0.0392738,0.157466,0.0407558,0,0,4,3
雕一朵花,0.318602,0.029329,0.0154011,0.00857105,0.00214276,0.0029463,0.00147315,0.000267845,0.0148654,0.0,0.0871836,0.0158029,0.0,0.0,0.0,0.0685684,0.0354895,0.0320075,0.000803536,0.0176778,0.0115173,0.0,0.00053569,0.0148654,0.00790143,0.0246418,0.0988349,0.0780769,0.044998,0.00589259,0.010446,0.0041516,0.0245078,0.0393732,0.00334806,0.00267845,0.0148654,0.0575867,0.0354895,0.0111156,0.00174099,0.000937458,0.00468729,0.14477,0.0143297,0.00924066,0.0186152,0.0140619,0.0136601,0.00281237,0.0349538,0.0163386,0.0326771,0.0140619,0.00281237,0.00575867,0.0220972,0.00669613,0.00428552,0.00200884,0.0095085,0.121468,0.0322753,0.0591938,0.0407125,0.0223651,0.0151333,0.0250435,0.0041516,0.00482121,0.00374983,0.00281237,0.0471408,0.0041516,0.00522298,0.0227668,0.00133923,0.00267845,0.00428552,0.0012053,0.031204,0.0731217,0.00361591,0.00187492,0.107674,0.0263828,0.00187492,0.00267845,0.0,0.00160707,0.00334806,7467,5.97838,0.843846,0.00629436,0.00441945,0.0174099,0.012187,0,0,7,0
凡人小六,0.281439,0.0421749,0.0322661,0.0220591,0.00127949,0.00151999,0.000615692,0.00659945,0.00999538,0.0,0.0852542,0.0317082,0.0,0.0,0.0,0.0341132,0.0332666,0.00613768,0.000808096,0.024089,0.0154981,0.000404048,0.000182784,0.00757109,0.0060992,0.0243776,0.0459845,0.0614057,0.0328145,0.00870628,0.00868704,0.00179898,0.0136222,0.0728922,0.00684958,0.000452149,0.020972,0.0587313,0.0474083,0.00872552,0.000423289,0.00102936,0.00137569,0.0993381,0.00249163,0.0170181,0.0215877,0.0116885,0.0097164,0.00108708,0.0253204,0.00798476,0.0207123,0.0100723,0.000779236,0.00921615,0.0397699,0.0129295,0.0130354,0.0128718,0.00192404,0.0992034,0.0155943,0.0525647,0.0348828,0.0298707,0.0101204,0.0186151,0.00153923,0.00789818,0.00292454,0.00111594,0.0237715,0.000663793,0.000885058,0.0187979,0.000105822,0.000548351,0.00338631,0.000663793,0.0156232,0.0615115,0.00140455,4.8101e-05,0.0984242,0.0187498,0.00345365,0.0221168,0.0,0.00506984,0.0239735,103948,7.52701,0.78294,0.0238869,0.00117366,0.0141417,0.0292165,0,0,902,0
风儿,0.35923,0.0548156,0.0349486,0.0228211,0.00281593,0.00611557,0.00179667,0.000621923,0.0202643,0.0,0.106487,0.0245659,0.0,0.0,0.0,0.0774467,0.0388702,0.0380064,0.00162391,0.0160491,0.00998532,0.000863782,0.000691025,0.0130949,0.00792952,0.0235121,0.0859635,0.0733178,0.0397858,0.00461259,0.00917336,0.00606375,0.0199015,0.0464887,0.00290231,0.00100199,0.0123866,0.0440529,0.0229248,0.012283,0.00188304,0.00250497,0.002695,0.155187,0.0182258,0.0116265,0.0240477,0.0223201,0.011782,0.00319599,0.0305433,0.0238922,0.0207308,0.0062365,0.00566641,0.00452622,0.0268982,0.00834413,0.00393884,0.00260862,0.0126803,0.099715,0.0260171,0.0423944,0.0383346,0.0233221,0.0110737,0.0225447,0.00383519,0.00779131,0.00293686,0.00139933,0.0464369,0.00789496,0.00684115,0.0157381,0.000760128,0.00233221,0.00409432,0.00112292,0.00485445,0.066753,0.00490628,0.00067375,0.110478,0.0241168,0.000932884,0.00649564,8.63782e-05,0.00402522,0.0140796,57885,7.13572,0.840701,0.00654746,0.00405977,0.0196597,0.0200225,0,0,62,1
格格,0.270651,0.048666,0.0384205,0.0230523,0.00384205,0.00981857,0.00170758,0.0,0.0102455,0.0,0.0909285,0.0145144,0.0,0.0,0.0,0.0520811,0.0318036,0.0241195,0.000853789,0.0149413,0.00789755,0.000640342,0.0,0.0134472,0.00661686,0.0247599,0.0640342,0.0475987,0.0296692,0.00512273,0.00490928,0.00298826,0.0166489,0.0514408,0.00128068,0.000853789,0.0123799,0.0364995,0.0258271,0.00554963,0.000213447,0.000853789,0.000213447,0.116756,0.0136606,0.0117396,0.0117396,0.0149413,0.011953,0.00277481,0.0271078,0.0110993,0.0286019,0.0125934,0.00512273,0.00298826,0.0164354,0.0072572,0.00533618,0.00149413,0.00298826,0.117823,0.0377801,0.0452508,0.0364995,0.0437567,0.0157951,0.0531483,0.00576307,0.00661686,0.00234792,0.00234792,0.0379936,0.00298826,0.00298826,0.0168623,0.000213447,0.00106724,0.000853789,0.000853789,0.0132337,0.0546425,0.0106724,0.00576307,0.0947705,0.0136606,0.000853789,0.0145144,0.000426894,0.0157951,0.0157951,4685,7.83445,0.790181,0.0254002,0.0036286,0.022412,0.0392743,0,0,31,1
古风,0.315789,0.0526316,0.0526316,0.0526316,0.0,0.0,0.0,0.0,0.0,0.0,0.105263,0.0,0.0,0.0,0.0,0.0526316,0.0,0.0,0.0,0.0,0.0,0.0,0.0,0.0526316,0.0,0.0,0.210526,0.0526316,0.0,0.0,0.0,0.0,0.0,0.0,0.0,0.0,0.0,0.0526316,0.0526316,0.0,0.0,0.0,0.0,0.0526316,0.0,0.0,0.0,0.0,0.0,0.0,0.0526316,0.0,0.0,0.0,0.0,0.0,0.0,0.0,0.0,0.0,0.0,0.105263,0.105263,0.0,0.0526316,0.0,0.0,0.0526316,0.0526316,0.0,0.0,0.0,0.0526316,0.0,0.0,0.0,0.0,0.0,0.0,0.0,0.0,0.0526316,0.0,0.0,0.210526,0.0526316,0.0,0.0,0.0,0.0,0.0526316,19,3.16667,0.842105,0,0,0,0.0526316,0,0,0,0
好人茶香2012,0.248708,0.0405904,0.0295203,0.0154982,0.00442804,0.00811808,0.000738007,0.0,0.0118081,0.0,0.0863469,0.00885609,0.0,0.0,0.0,0.0376384,0.0273063,0.0125461,0.0,0.0169742,0.00738007,0.0,0.000738007,0.0095941,0.00147601,0.0258303,0.0568266,0.0531365,0.0324723,0.00221402,0.0132841,0.00664207,0.0103321,0.0546125,0.000738007,0.00664207,0.0154982,0.0487085,0.0405904,0.00516605,0.0,0.000738007,0.00295203,0.096679,0.0147601,0.00442804,0.00738007,0.00738007,0.0110701,0.00442804,0.0265683,0.00738007,0.0383764,0.0199262,0.0095941,0.00147601,0.0125461,0.00590406,0.00147601,0.0,0.00442804,0.118819,0.0354244,0.0369004,0.0398524,0.0450185,0.0118081,0.0708487,0.00369004,0.0095941,0.00295203,0.000738007,0.0302583,0.000738007,0.00221402,0.0154982,0.0,0.00442804,0.00442804,0.00369004,0.0125461,0.0531365,0.0103321,0.0125461,0.112177,0.0228782,0.00221402,0.00590406,0.0,0.0095941,0.0339483,1355,6.2156,0.825092,0.0191882,0.00295203,0.0169742,0.0332103,0,0,16,0
黑暗荔枝,0.243816,0.0212014,0.0212014,0.0176678,0.0,0.00353357,0.0,0.0,0.0,0.0,0.0742049,0.00706714,0.0,0.0,0.0,0.0530035,0.024735,0.0106007,0.0,0.00706714,0.0106007,0.0,0.0,0.0282686,0.0106007,0.0176678,0.0918728,0.0424028,0.0388693,0.0,0.00706714,0.00353357,0.0282686,0.0424028,0.0176678,0.00353357,0.0212014,0.024735,0.024735,0.0,0.0,0.0,0.0,0.0954064,0.00353357,0.0106007,0.0106007,0.00353357,0.0106007,0.0,0.0212014,0.00353357,0.0212014,0.00353357,0.0141343,0.0,0.0106007,0.0,0.0,0.00706714,0.00353357,0.0777385,0.0212014,0.0388693,0.0176678,0.0530035,0.0176678,0.0706714,0.00353357,0.00706714,0.00353357,0.0,0.0530035,0.0,0.0,0.0,0.0,0.0,0.00353357,0.0,0.00353357,0.024735,0.0141343,0.0,0.155477,0.024735,0.0,0.0141343,0.0,0.00706714,0.0353357,283,5.33962,0.745583,0.0777385,0.0318021,0.0671378,0.0742049,0,0,3,2
梦想有脚,0.297688,0.0317919,0.0163776,0.00770713,0.000963391,0.00385356,0.00289017,0.000963391,0.0154143,0.0,0.0722543,0.00963391,0.0,0.0,0.0,0.0732177,0.039499,0.0337187,0.00192678,0.00963391,0.0134875,0.00192678,0.0,0.00867052,0.00578035,0.026975,0.0712909,0.0712909,0.0298651,0.00289017,0.00867052,0.00289017,0.0154143,0.0452794,0.0125241,0.0,0.0144509,0.0558767,0.0423892,0.00578035,0.00289017,0.0,0.00289017,0.128131,0.0192678,0.00867052,0.0134875,0.0115607,0.0163776,0.000963391,0.0298651,0.0192678,0.0183044,0.00578035,0.00385356,0.00385356,0.0211946,0.00674374,0.0105973,0.0,0.00578035,0.100193,0.0192678,0.0433526,0.0414258,0.0231214,0.0134875,0.017341,0.00578035,0.00289017,0.00289017,0.000963391,0.0433526,0.00289017,0.0,0.0202312,0.0,0.00289017,0.00192678,0.0,0.0433526,0.0635838,0.00192678,0.0,0.145472,0.0154143,0.0,0.00385356,0.0,0.00963391,0.00770713,1038,4.87324,0.83815,0.0115607,0.00289017,0.022158,0.0163776,0,0,4,0
喵祺子,0.30735,0.0267261,0.0111359,0.0111359,0.0,0.0,0.0,0.0,0.0155902,0.0,0.10245,0.0155902,0.0,0.0,0.0,0.0668151,0.0556793,0.0267261,0.00445434,0.0178174,0.0178174,0.0,0.0,0.0178174,0.013363,0.0334076,0.0534521,0.0445434,0.0400891,0.00890869,0.00445434,0.00890869,0.0178174,0.0579065,0.00668151,0.00668151,0.0111359,0.0356347,0.0178174,0.0111359,0.00668151,0.0,0.00222717,0.140312,0.0267261,0.00890869,0.0200445,0.0155902,0.013363,0.00222717,0.0222717,0.0200445,0.0111359,0.00668151,0.00222717,0.0,0.0178174,0.00222717,0.00890869,0.0,0.00668151,0.135857,0.0423163,0.064588,0.0489978,0.0267261,0.00890869,0.0267261,0.00890869,0.0,0.0,0.0,0.0378619,0.0,0.00668151,0.00890869,0.0,0.00445434,0.00222717,0.00445434,0.0222717,0.064588,0.00668151,0.0,0.0757238,0.0111359,0.00890869,0.00445434,0.0,0.0311804,0.0111359,449,8.98,0.772829,0.0267261,0.013363,0.0200445,0.0334076,0,0,1,0
沫小菇的summer,0.322074,0.0447761,0.0295889,0.0175439,0.00340403,0.00523697,0.00183294,0.000261849,0.0154491,0.0,0.0942655,0.0178057,0.0,0.0,0.0,0.0714847,0.0301126,0.0295889,0.000261849,0.012045,0.0107358,0.0,0.00130924,0.0107358,0.00418958,0.0248756,0.0879811,0.0662477,0.0377062,0.00392773,0.00785546,0.00497512,0.0209479,0.0445143,0.00288034,0.000785546,0.0115213,0.0557738,0.0356114,0.0125687,0.00209479,0.00235664,0.00445143,0.126211,0.0136161,0.00864101,0.0185913,0.0167583,0.00811731,0.00523697,0.0274941,0.0125687,0.0233045,0.00759361,0.00497512,0.00654622,0.0253993,0.00680806,0.00549882,0.00471328,0.00942655,0.10762,0.0222571,0.0513223,0.0382299,0.0164965,0.0091647,0.0274941,0.00288034,0.00759361,0.00471328,0.00104739,0.0468709,0.0091647,0.00418958,0.0154491,0.000261849,0.00340403,0.00288034,0.00157109,0.00602252,0.0510605,0.00576067,0.0,0.136423,0.0130924,0.00235664,0.00576067,0.00183294,0.00680806,0.0324692,3819,6.41849,0.815397,0.0146635,0.00890285,0.036397,0.0466091,0,0,24,0
皮皮手套,0.264151,0.0188679,0.0,0.0,0.0,0.0,0.0,0.0,0.0188679,0.0,0.0566038,0.0,0.0,0.0,0.0,0.0754717,0.0754717,0.0754717,0.0,0.0188679,0.0,0.0,0.0,0.0188679,0.0188679,0.0,0.0377358,0.0566038,0.0188679,0.0,0.0,0.0188679,0.0,0.0,0.0,0.0,0.0188679,0.0188679,0.0,0.0188679,0.0,0.0,0.0,0.0943396,0.0188679,0.0,0.0,0.0377358,0.0,0.0,0.0188679,0.0,0.0566038,0.0188679,0.0,0.0,0.0754717,0.0377358,0.0188679,0.0,0.0,0.0754717,0.0566038,0.0188679,0.0377358,0.0188679,0.0188679,0.0188679,0.0,0.0,0.0188679,0.0,0.0,0.0,0.0,0.0,0.0,0.0,0.0,0.0,0.0,0.0754717,0.0,0.0,0.0754717,0.0,0.0,0.0,0.0,0.0377358,0.0,53,10.6,0.773585,0,0,0,0,0,0,0,0
如梦的过往,0.32,0.078,0.061,0.038,0.001,0.021,0.001,0.0,0.017,0.0,0.074,0.01,0.0,0.0,0.0,0.046,0.022,0.018,0.002,0.02,0.015,0.0,0.0,0.01,0.006,0.024,0.09,0.06,0.04,0.002,0.005,0.006,0.027,0.079,0.009,0.002,0.012,0.036,0.029,0.005,0.001,0.001,0.004,0.141,0.012,0.012,0.011,0.02,0.01,0.008,0.029,0.006,0.018,0.007,0.007,0.002,0.011,0.003,0.005,0.003,0.001,0.096,0.022,0.047,0.027,0.032,0.016,0.037,0.001,0.005,0.002,0.006,0.04,0.0,0.001,0.015,0.0,0.001,0.001,0.0,0.009,0.044,0.002,0.0,0.084,0.013,0.0,0.026,0.0,0.03,0.032,1000,9.34579,0.808,0.021,0.007,0.025,0.034,0,0,11,0
水草zhw,0.193182,0.0340909,0.0113636,0.0113636,0.0,0.0,0.0,0.0,0.0340909,0.0,0.0568182,0.0,0.0,0.0,0.0,0.0113636,0.0227273,0.0113636,0.0,0.0340909,0.0113636,0.0113636,0.0,0.0,0.0,0.0113636,0.0568182,0.0113636,0.0113636,0.0,0.0,0.0,0.0113636,0.0113636,0.0,0.0,0.0113636,0.0681818,0.0227273,0.0454545,0.0,0.0113636,0.0113636,0.0681818,0.0113636,0.0,0.0,0.0,0.0227273,0.0113636,0.0340909,0.0,0.0,0.0,0.0,0.0,0.0113636,0.0,0.0,0.0113636,0.0,0.125,0.0340909,0.0681818,0.0454545,0.0227273,0.0227273,0.0,0.0,0.0454545,0.0,0.0,0.0227273,0.0,0.0,0.0113636,0.0,0.0,0.0,0.0,0.0,0.0340909,0.0,0.0113636,0.136364,0.0227273,0.0,0.0,0.0,0.0,0.0340909,88,5.5,0.636364,0.0113636,0,0.0568182,0.193182,0,0,1,0
水色女陶,0.324035,0.0472465,0.0297932,0.0167491,0.00130135,0.00747126,0.0030773,0.000459298,0.0180351,0.0,0.0984583,0.0220157,0.0,0.0,0.0,0.0716046,0.0318447,0.0274814,0.00120949,0.014621,0.0121714,0.00220463,0.000903287,0.0110538,0.00713444,0.0268537,0.0766875,0.0727988,0.0380452,0.00382749,0.00638425,0.0087726,0.0190609,0.0443682,0.00258738,0.00120949,0.0139321,0.0502013,0.0267312,0.0138096,0.00159223,0.00407245,0.00306199,0.126874,0.0146057,0.00699665,0.0173921,0.0157999,0.0113141,0.0024649,0.0259504,0.0193518,0.0249399,0.00871136,0.00603212,0.00459298,0.0334063,0.0141923,0.00739471,0.00517476,0.00912473,0.0854448,0.0205306,0.0408469,0.029242,0.0215717,0.0089257,0.0225822,0.00243428,0.00274048,0.00260269,0.00267924,0.0456543,0.00708851,0.00688948,0.0171471,0.000949217,0.00188312,0.00211277,0.00101046,0.0282315,0.0503085,0.00483794,0.000964527,0.107675,0.00733347,0.00162285,0.00281703,0.000566468,0.00350598,0.0105945,65317,6.93386,0.775127,0.0138402,0.00393466,0.0274507,0.0262872,0,0,146,7
薇宝宝925,0.339802,0.0617536,0.0461974,0.030484,0.00286769,0.00868165,0.00263199,0.000157134,0.0161062,0.0,0.0978551,0.0209774,0.0,0.0,0.0,0.0632071,0.0351194,0.0251414,0.00172847,0.0150849,0.0106458,0.000432118,0.00137492,0.0119815,0.00726744,0.0249057,0.0893699,0.0670962,0.0394799,0.0042819,0.0100959,0.004989,0.0200739,0.0647392,0.00801383,0.00109994,0.0148884,0.054329,0.0298554,0.0129243,0.00219987,0.00196417,0.00290698,0.12936,0.0145742,0.0087995,0.0200346,0.0152027,0.0111172,0.00326053,0.0264378,0.0174419,0.0232558,0.00821025,0.00455688,0.0052247,0.0294626,0.01206,0.00561754,0.00502828,0.00813168,0.105751,0.0248664,0.0458045,0.0397549,0.0175204,0.0118636,0.0214488,0.0035748,0.00345695,0.00310339,0.00267128,0.0478865,0.00883878,0.00640321,0.0167348,0.00172847,0.00286769,0.00255343,0.00133564,0.00993872,0.0646213,0.0141028,0.000707102,0.0841452,0.0169312,0.000864236,0.00298554,0.0,0.00243558,0.0132385,25456,8.94763,0.80759,0.0133564,0.00966373,0.0350016,0.0221952,0,0,53,1
无可奈何花落去,0.170175,0.0105263,0.0105263,0.00350877,0.00175439,0.00350877,0.00175439,0.0,0.0,0.0,0.0701754,0.00526316,0.0,0.0,0.0,0.00877193,0.0315789,0.00701754,0.0,0.00350877,0.0122807,0.0,0.0,0.0157895,0.00701754,0.0350877,0.0473684,0.0403509,0.0263158,0.00175439,0.0157895,0.00175439,0.00701754,0.0649123,0.0,0.00526316,0.00526316,0.0526316,0.0438596,0.00350877,0.0,0.0,0.0,0.0614035,0.0210526,0.0105263,0.00350877,0.00526316,0.00526316,0.0,0.00526316,0.0,0.00877193,0.00877193,0.0,0.0,0.00701754,0.00526316,0.0,0.00175439,0.0,0.0754386,0.0105263,0.0403509,0.0298246,0.0754386,0.0105263,0.126316,0.0,0.00526316,0.0,0.00175439,0.00701754,0.0,0.0,0.00526316,0.0,0.0,0.0,0.0,0.00175439,0.00526316,0.0421053,0.00175439,0.194737,0.00877193,0.00701754,0.0140351,0.0,0.00701754,0.0,570,4.78992,0.77193,0.0333333,0,0.0192982,0.0578947,0,0,0,0
无人预定的花,0.285124,0.0516529,0.0413223,0.0227273,0.00413223,0.0123967,0.0,0.0,0.0103306,0.0,0.0950413,0.0247934,0.0,0.0,0.0,0.0557851,0.0227273,0.0165289,0.0,0.0227273,0.00826446,0.00206612,0.00206612,0.0206612,0.00206612,0.0289256,0.072314,0.0495868,0.0165289,0.00206612,0.00413223,0.00413223,0.00619835,0.0495868,0.0,0.00206612,0.00413223,0.0475207,0.035124,0.00619835,0.0,0.00206612,0.00206612,0.113636,0.00619835,0.00826446,0.018595,0.0144628,0.00826446,0.00413223,0.0371901,0.0165289,0.0227273,0.00619835,0.00826446,0.0,0.00619835,0.0,0.00206612,0.00413223,0.0,0.103306,0.0413223,0.035124,0.0247934,0.0392562,0.0268595,0.0681818,0.00206612,0.0413223,0.00206612,0.0,0.0392562,0.0103306,0.00206612,0.00619835,0.0,0.0,0.0,0.00206612,0.00826446,0.0413223,0.00619835,0.00413223,0.115702,0.0330579,0.0,0.0,0.0,0.0,0.0454545,484,6.12658,0.81405,0.0227273,0.0103306,0.0247934,0.0454545,0,0,8,0
无微不至802,0.337029,0.0487805,0.0399113,0.0199557,0.0,0.0110865,0.00665188,0.0,0.00886918,0.0,0.0798226,0.0266075,0.0,0.0,0.0,0.0421286,0.0354767,0.0221729,0.0,0.0221729,0.0177384,0.0,0.00221729,0.00665188,0.00665188,0.0354767,0.0842572,0.0665188,0.0354767,0.00886918,0.00665188,0.0110865,0.00886918,0.0509978,0.00443459,0.00221729,0.0133038,0.0288248,0.0155211,0.00665188,0.0,0.0,0.00221729,0.135255,0.0221729,0.0155211,0.0243902,0.0199557,0.0133038,0.00443459,0.0332594,0.00665188,0.0133038,0.00221729,0.0,0.00665188,0.0243902,0.00886918,0.00443459,0.00221729,0.0110865,0.13969,0.0288248,0.0643016,0.0554324,0.037694,0.00886918,0.0310421,0.0,0.0110865,0.00443459,0.0,0.0288248,0.0,0.00221729,0.0155211,0.0,0.00221729,0.00221729,0.00221729,0.0199557,0.0443459,0.0,0.0,0.0731707,0.0155211,0.00221729,0.0133038,0.0,0.0133038,0.0354767,451,9.02,0.818182,0.0199557,0,0.0133038,0.0332594,0,0,6,0
香蕉是个不呐呐1,0.332481,0.0460358,0.026428,0.0136402,0.0,0.00511509,0.00852515,0.0,0.0204604,0.0,0.0886616,0.0153453,0.0,0.0,0.0,0.0895141,0.029838,0.0272805,0.0,0.0153453,0.0102302,0.0,0.0,0.0187553,0.0110827,0.0255754,0.086104,0.0630861,0.059676,0.00682012,0.0102302,0.0102302,0.0323956,0.0528559,0.00170503,0.000852515,0.0144928,0.0733163,0.0366581,0.0230179,0.00255754,0.00341006,0.0059676,0.139812,0.0144928,0.0102302,0.0187553,0.0127877,0.00852515,0.00341006,0.0247229,0.0230179,0.0153453,0.00426257,0.00341006,0.00511509,0.026428,0.0144928,0.00682012,0.000852515,0.00426257,0.108269,0.0204604,0.0451833,0.0528559,0.0213129,0.0102302,0.0170503,0.00511509,0.00852515,0.00426257,0.00426257,0.054561,0.00511509,0.00426257,0.0247229,0.00170503,0.00682012,0.00426257,0.00255754,0.0110827,0.0375107,0.00255754,0.0,0.171355,0.0102302,0.0,0.00511509,0.00170503,0.00341006,0.0187553,1173,5.1674,0.84399,0.0110827,0.0059676,0.026428,0.0204604,0,0,8,0
絮尘倾恬1008,0.298409,0.0392688,0.0265741,0.0152336,0.00270819,0.00677048,0.0013541,0.000169262,0.0128639,0.0,0.0800609,0.0098172,0.0,0.0,0.0,0.052979,0.0358835,0.0250508,0.000507786,0.0120176,0.0209885,0.00084631,0.000507786,0.0140487,0.00880162,0.0199729,0.0875085,0.0617806,0.0360528,0.00372376,0.00693974,0.00660122,0.0187881,0.0390995,0.00287745,0.00084631,0.00744753,0.0399458,0.0304672,0.00457007,0.000677048,0.00186188,0.00084631,0.10782,0.0101557,0.00744753,0.00778605,0.00795531,0.00778605,0.00169262,0.0357143,0.00778605,0.0262356,0.00677048,0.0104942,0.00338524,0.0132024,0.00440081,0.00270819,0.00152336,0.0049086,0.105619,0.0350372,0.0485782,0.0331754,0.042654,0.00914015,0.0324983,0.00220041,0.0115098,0.00524712,0.0,0.0467163,0.0049086,0.00304672,0.0132024,0.000507786,0.00118483,0.00236967,0.000677048,0.00186188,0.0360528,0.0013541,0.0,0.1261,0.0203114,0.00101557,0.00541638,0.000338524,0.00744753,0.0282668,5908,6.7366,0.768957,0.0121869,0.0120176,0.0524712,0.0341909,0,0,40,1
yrsama_,0.272131,0.0491803,0.0163934,0.00655738,0.0,0.00327869,0.00655738,0.0,0.0229508,0.0,0.0819672,0.0196721,0.0,0.0,0.0,0.042623,0.0196721,0.0360656,0.00327869,0.0262295,0.0131148,0.0,0.0,0.00327869,0.00655738,0.0196721,0.0622951,0.0459016,0.0131148,0.00327869,0.0,0.0,0.00983607,0.0655738,0.00655738,0.00655738,0.00983607,0.0688525,0.052459,0.0163934,0.0,0.0,0.00655738,0.111475,0.0196721,0.00655738,0.0295082,0.0131148,0.00655738,0.0,0.0229508,0.0163934,0.00655738,0.0,0.00327869,0.00327869,0.0229508,0.00327869,0.00327869,0.0163934,0.00327869,0.0754098,0.0262295,0.0393443,0.0196721,0.0295082,0.0163934,0.0295082,0.0,0.0163934,0.0,0.00327869,0.0327869,0.0131148,0.0,0.00983607,0.0,0.0,0.0,0.0,0.0163934,0.0459016,0.0,0.0,0.17377,0.0295082,0.0,0.00983607,0.0,0.00983607,0.00983607,305,4.48529,0.8,0.00983607,0,0.0262295,0.0295082,0,0,1,0
圆融,0.30735,0.0267261,0.0111359,0.0111359,0.0,0.0,0.0,0.0,0.0155902,0.0,0.10245,0.0155902,0.0,0.0,0.0,0.0668151,0.0556793,0.0267261,0.00445434,0.0178174,0.0178174,0.0,0.0,0.0178174,0.013363,0.0334076,0.0534521,0.0445434,0.0400891,0.00890869,0.00445434,0.00890869,0.0178174,0.0579065,0.00668151,0.00668151,0.0111359,0.0356347,0.0178174,0.0111359,0.00668151,0.0,0.00222717,0.140312,0.0267261,0.00890869,0.0200445,0.0155902,0.013363,0.00222717,0.0222717,0.0200445,0.0111359,0.00668151,0.00222717,0.0,0.0178174,0.00222717,0.00890869,0.0,0.00668151,0.135857,0.0423163,0.064588,0.0489978,0.0267261,0.00890869,0.0267261,0.00890869,0.0,0.0,0.0,0.0378619,0.0,0.00668151,0.00890869,0.0,0.00445434,0.00222717,0.00445434,0.0222717,0.064588,0.00668151,0.0,0.0757238,0.0111359,0.00890869,0.00445434,0.0,0.0311804,0.0111359,449,8.98,0.772829,0.0267261,0.013363,0.0200445,0.0334076,0,0,1,0
云淡风轻_0325,0.315332,0.0273821,0.0132857,0.0083718,0.000992704,0.00185305,0.00148906,0.000281266,0.0144935,0.0,0.0798796,0.0145266,0.0,0.0,0.0,0.0714416,0.03084,0.031022,0.000909978,0.0202015,0.0139309,0.000843798,0.000496352,0.0136166,0.00810708,0.0251154,0.085174,0.0742708,0.0394103,0.003855,0.00842144,0.00779272,0.0193081,0.0294998,0.0023494,0.000711438,0.00901706,0.0412634,0.0225509,0.0115154,0.00178687,0.0026803,0.00238249,0.134048,0.0150064,0.00895088,0.0146755,0.0204662,0.0126901,0.00253139,0.027531,0.0177198,0.022948,0.00557569,0.00665111,0.00593968,0.0193246,0.00802435,0.00287884,0.00264721,0.00663457,0.0932645,0.0195894,0.0460284,0.0342152,0.0235767,0.0122268,0.0284079,0.00317665,0.00496352,0.00221704,0.00185305,0.0419914,0.0095465,0.00526133,0.0181334,0.000612167,0.00193577,0.0030112,0.00120779,0.023312,0.0693403,0.000976159,0.000231631,0.130011,0.00981122,0.000430172,0.000893433,0.000215086,0.00210122,0.003855,60441,6.12061,0.783607,0.00640294,0.0199203,0.0514717,0.0542016,0,0,52,8
